geo,geo_label,geo_eurostat,iso_a2,iso_a3,year,is_eu_aggregate,metric,value
AT,Austria,AT,AT,AUT,2025,False,ai_adoption_pct,29.95
BE,Belgium,BE,BE,BEL,2025,False,ai_adoption_pct,34.54
BG,Bulgaria,BG,BG,BGR,2025,False,ai_adoption_pct,8.55
CY,Cyprus,CY,CY,CYP,2025,False,ai_adoption_pct,9.27
CZ,Czechia,CZ,CZ,CZE,2025,False,ai_adoption_pct,17.6
DE,Germany,DE,DE,DEU,2025,False,ai_adoption_pct,25.97
DK,Denmark,DK,DK,DNK,2025,False,ai_adoption_pct,42.03
EE,Estonia,EE,EE,EST,2025,False,ai_adoption_pct,23.4
EL,Greece,EL,GR,GRC,2025,False,ai_adoption_pct,8.93
ES,Spain,ES,ES,ESP,2025,False,ai_adoption_pct,20.27
FI,Finland,FI,FI,FIN,2025,False,ai_adoption_pct,37.82
FR,France,FR,FR,FRA,2025,False,ai_adoption_pct,18.16
HR,Croatia,HR,HR,HRV,2025,False,ai_adoption_pct,15.19
HU,Hungary,HU,HU,HUN,2025,False,ai_adoption_pct,10.37
IE,Ireland,IE,IE,IRL,2025,False,ai_adoption_pct,19.64
IT,Italy,IT,IT,ITA,2025,False,ai_adoption_pct,16.4
LT,Lithuania,LT,LT,LTU,2025,False,ai_adoption_pct,21.3
LU,Luxembourg,LU,LU,LUX,2025,False,ai_adoption_pct,33.61
LV,Latvia,LV,LV,LVA,2025,False,ai_adoption_pct,12.21
MT,Malta,MT,MT,MLT,2025,False,ai_adoption_pct,21.51
NL,Netherlands,NL,NL,NLD,2025,False,ai_adoption_pct,33.21
PL,Poland,PL,PL,POL,2025,False,ai_adoption_pct,8.36
PT,Portugal,PT,PT,PRT,2025,False,ai_adoption_pct,11.54
RO,Romania,RO,RO,ROU,2025,False,ai_adoption_pct,5.21
SE,Sweden,SE,SE,SWE,2025,False,ai_adoption_pct,35.04
SI,Slovenia,SI,SI,SVN,2025,False,ai_adoption_pct,21.61
SK,Slovakia,SK,SK,SVK,2025,False,ai_adoption_pct,18.0
EU27_2020,European Union - 27 countries (from 2020),EU27_2020,,,2025,True,ai_adoption_pct,19.95
AT,Austria,AT,AT,AUT,2025,False,ai_and_cloud_pct,23.52
BE,Belgium,BE,BE,BEL,2025,False,ai_and_cloud_pct,28.43
BG,Bulgaria,BG,BG,BGR,2025,False,ai_and_cloud_pct,5.34
CY,Cyprus,CY,CY,CYP,2025,False,ai_and_cloud_pct,7.89
CZ,Czechia,CZ,CZ,CZE,2025,False,ai_and_cloud_pct,15.54
DE,Germany,DE,DE,DEU,2025,False,ai_and_cloud_pct,20.78
DK,Denmark,DK,DK,DNK,2025,False,ai_and_cloud_pct,35.81
EE,Estonia,EE,EE,EST,2025,False,ai_and_cloud_pct,20.29
EL,Greece,EL,GR,GRC,2025,False,ai_and_cloud_pct,6.5
ES,Spain,ES,ES,ESP,2025,False,ai_and_cloud_pct,13.98
FI,Finland,FI,FI,FIN,2025,False,ai_and_cloud_pct,35.85
FR,France,FR,FR,FRA,2025,False,ai_and_cloud_pct,13.29
HR,Croatia,HR,HR,HRV,2025,False,ai_and_cloud_pct,11.93
HU,Hungary,HU,HU,HUN,2025,False,ai_and_cloud_pct,8.66
IE,Ireland,IE,IE,IRL,2025,False,ai_and_cloud_pct,18.33
IT,Italy,IT,IT,ITA,2025,False,ai_and_cloud_pct,14.95
LT,Lithuania,LT,LT,LTU,2025,False,ai_and_cloud_pct,17.32
LU,Luxembourg,LU,LU,LUX,2025,False,ai_and_cloud_pct,23.54
LV,Latvia,LV,LV,LVA,2025,False,ai_and_cloud_pct,10.84
MT,Malta,MT,MT,MLT,2025,False,ai_and_cloud_pct,20.06
NL,Netherlands,NL,NL,NLD,2025,False,ai_and_cloud_pct,29.32
PL,Poland,PL,PL,POL,2025,False,ai_and_cloud_pct,7.69
PT,Portugal,PT,PT,PRT,2025,False,ai_and_cloud_pct,8.68
RO,Romania,RO,RO,ROU,2025,False,ai_and_cloud_pct,3.89
SE,Sweden,SE,SE,SWE,2025,False,ai_and_cloud_pct,31.43
SI,Slovenia,SI,SI,SVN,2025,False,ai_and_cloud_pct,17.13
SK,Slovakia,SK,SK,SVK,2025,False,ai_and_cloud_pct,12.0
EU27_2020,European Union - 27 countries (from 2020),EU27_2020,,,2025,True,ai_and_cloud_pct,16.21
AT,Austria,AT,AT,AUT,2025,False,ai_and_data_analytics_pct,14.04
BE,Belgium,BE,BE,BEL,2025,False,ai_and_data_analytics_pct,26.55
BG,Bulgaria,BG,BG,BGR,2025,False,ai_and_data_analytics_pct,5.68
CY,Cyprus,CY,CY,CYP,2025,False,ai_and_data_analytics_pct,7.21
CZ,Czechia,CZ,CZ,CZE,2025,False,ai_and_data_analytics_pct,14.29
DE,Germany,DE,DE,DEU,2025,False,ai_and_data_analytics_pct,16.73
DK,Denmark,DK,DK,DNK,2025,False,ai_and_data_analytics_pct,34.03
EE,Estonia,EE,EE,EST,2025,False,ai_and_data_analytics_pct,19.29
EL,Greece,EL,GR,GRC,2025,False,ai_and_data_analytics_pct,6.33
ES,Spain,ES,ES,ESP,2025,False,ai_and_data_analytics_pct,15.22
FI,Finland,FI,FI,FIN,2025,False,ai_and_data_analytics_pct,26.93
FR,France,FR,FR,FRA,2025,False,ai_and_data_analytics_pct,11.93
HR,Croatia,HR,HR,HRV,2025,False,ai_and_data_analytics_pct,12.01
HU,Hungary,HU,HU,HUN,2025,False,ai_and_data_analytics_pct,6.84
IE,Ireland,IE,IE,IRL,2025,False,ai_and_data_analytics_pct,14.65
IT,Italy,IT,IT,ITA,2025,False,ai_and_data_analytics_pct,11.5
LT,Lithuania,LT,LT,LTU,2025,False,ai_and_data_analytics_pct,17.47
LU,Luxembourg,LU,LU,LUX,2025,False,ai_and_data_analytics_pct,19.43
LV,Latvia,LV,LV,LVA,2025,False,ai_and_data_analytics_pct,9.72
MT,Malta,MT,MT,MLT,2025,False,ai_and_data_analytics_pct,14.39
NL,Netherlands,NL,NL,NLD,2025,False,ai_and_data_analytics_pct,26.94
PL,Poland,PL,PL,POL,2025,False,ai_and_data_analytics_pct,6.12
PT,Portugal,PT,PT,PRT,2025,False,ai_and_data_analytics_pct,8.87
RO,Romania,RO,RO,ROU,2025,False,ai_and_data_analytics_pct,3.83
SE,Sweden,SE,SE,SWE,2025,False,ai_and_data_analytics_pct,23.21
SI,Slovenia,SI,SI,SVN,2025,False,ai_and_data_analytics_pct,13.9
SK,Slovakia,SK,SK,SVK,2025,False,ai_and_data_analytics_pct,12.81
EU27_2020,European Union - 27 countries (from 2020),EU27_2020,,,2025,True,ai_and_data_analytics_pct,13.82
AT,Austria,AT,AT,AUT,2025,False,ai_sophisticated_cloud_and_data_pct,11.11
BE,Belgium,BE,BE,BEL,2025,False,ai_sophisticated_cloud_and_data_pct,22.78
BG,Bulgaria,BG,BG,BGR,2025,False,ai_sophisticated_cloud_and_data_pct,3.63
CY,Cyprus,CY,CY,CYP,2025,False,ai_sophisticated_cloud_and_data_pct,6.41
CZ,Czechia,CZ,CZ,CZE,2025,False,ai_sophisticated_cloud_and_data_pct,11.04
DE,Germany,DE,DE,DEU,2025,False,ai_sophisticated_cloud_and_data_pct,12.93
DK,Denmark,DK,DK,DNK,2025,False,ai_sophisticated_cloud_and_data_pct,29.91
EE,Estonia,EE,EE,EST,2025,False,ai_sophisticated_cloud_and_data_pct,16.15
EL,Greece,EL,GR,GRC,2025,False,ai_sophisticated_cloud_and_data_pct,4.67
ES,Spain,ES,ES,ESP,2025,False,ai_sophisticated_cloud_and_data_pct,10.7
FI,Finland,FI,FI,FIN,2025,False,ai_sophisticated_cloud_and_data_pct,25.48
FR,France,FR,FR,FRA,2025,False,ai_sophisticated_cloud_and_data_pct,8.31
HR,Croatia,HR,HR,HRV,2025,False,ai_sophisticated_cloud_and_data_pct,9.52
HU,Hungary,HU,HU,HUN,2025,False,ai_sophisticated_cloud_and_data_pct,5.71
IE,Ireland,IE,IE,IRL,2025,False,ai_sophisticated_cloud_and_data_pct,13.46
IT,Italy,IT,IT,ITA,2025,False,ai_sophisticated_cloud_and_data_pct,10.17
LT,Lithuania,LT,LT,LTU,2025,False,ai_sophisticated_cloud_and_data_pct,14.61
LU,Luxembourg,LU,LU,LUX,2025,False,ai_sophisticated_cloud_and_data_pct,14.29
LV,Latvia,LV,LV,LVA,2025,False,ai_sophisticated_cloud_and_data_pct,8.17
MT,Malta,MT,MT,MLT,2025,False,ai_sophisticated_cloud_and_data_pct,13.6
NL,Netherlands,NL,NL,NLD,2025,False,ai_sophisticated_cloud_and_data_pct,23.72
PL,Poland,PL,PL,POL,2025,False,ai_sophisticated_cloud_and_data_pct,5.29
PT,Portugal,PT,PT,PRT,2025,False,ai_sophisticated_cloud_and_data_pct,7.21
RO,Romania,RO,RO,ROU,2025,False,ai_sophisticated_cloud_and_data_pct,2.81
SE,Sweden,SE,SE,SWE,2025,False,ai_sophisticated_cloud_and_data_pct,20.86
SI,Slovenia,SI,SI,SVN,2025,False,ai_sophisticated_cloud_and_data_pct,10.94
SK,Slovakia,SK,SK,SVK,2025,False,ai_sophisticated_cloud_and_data_pct,8.63
EU27_2020,European Union - 27 countries (from 2020),EU27_2020,,,2025,True,ai_sophisticated_cloud_and_data_pct,11.06
AT,Austria,AT,AT,AUT,2025,False,ai_three_or_more_technologies_pct,12.85
BE,Belgium,BE,BE,BEL,2025,False,ai_three_or_more_technologies_pct,15.66
BG,Bulgaria,BG,BG,BGR,2025,False,ai_three_or_more_technologies_pct,3.96
CY,Cyprus,CY,CY,CYP,2025,False,ai_three_or_more_technologies_pct,4.79
CZ,Czechia,CZ,CZ,CZE,2025,False,ai_three_or_more_technologies_pct,7.66
DE,Germany,DE,DE,DEU,2025,False,ai_three_or_more_technologies_pct,10.19
DK,Denmark,DK,DK,DNK,2025,False,ai_three_or_more_technologies_pct,22.96
EE,Estonia,EE,EE,EST,2025,False,ai_three_or_more_technologies_pct,7.27
EL,Greece,EL,GR,GRC,2025,False,ai_three_or_more_technologies_pct,3.85
ES,Spain,ES,ES,ESP,2025,False,ai_three_or_more_technologies_pct,9.02
FI,Finland,FI,FI,FIN,2025,False,ai_three_or_more_technologies_pct,21.81
FR,France,FR,FR,FRA,2025,False,ai_three_or_more_technologies_pct,6.54
HR,Croatia,HR,HR,HRV,2025,False,ai_three_or_more_technologies_pct,6.87
HU,Hungary,HU,HU,HUN,2025,False,ai_three_or_more_technologies_pct,4.69
IE,Ireland,IE,IE,IRL,2025,False,ai_three_or_more_technologies_pct,6.47
IT,Italy,IT,IT,ITA,2025,False,ai_three_or_more_technologies_pct,6.46
LT,Lithuania,LT,LT,LTU,2025,False,ai_three_or_more_technologies_pct,8.84
LU,Luxembourg,LU,LU,LUX,2025,False,ai_three_or_more_technologies_pct,13.71
LV,Latvia,LV,LV,LVA,2025,False,ai_three_or_more_technologies_pct,5.66
MT,Malta,MT,MT,MLT,2025,False,ai_three_or_more_technologies_pct,7.69
NL,Netherlands,NL,NL,NLD,2025,False,ai_three_or_more_technologies_pct,14.83
PL,Poland,PL,PL,POL,2025,False,ai_three_or_more_technologies_pct,2.4
PT,Portugal,PT,PT,PRT,2025,False,ai_three_or_more_technologies_pct,5.2
RO,Romania,RO,RO,ROU,2025,False,ai_three_or_more_technologies_pct,3.31
SE,Sweden,SE,SE,SWE,2025,False,ai_three_or_more_technologies_pct,16.97
SI,Slovenia,SI,SI,SVN,2025,False,ai_three_or_more_technologies_pct,6.78
SK,Slovakia,SK,SK,SVK,2025,False,ai_three_or_more_technologies_pct,7.98
EU27_2020,European Union - 27 countries (from 2020),EU27_2020,,,2025,True,ai_three_or_more_technologies_pct,8.28
AT,Austria,AT,AT,AUT,2025,False,ai_two_or_more_technologies_pct,20.51
BE,Belgium,BE,BE,BEL,2025,False,ai_two_or_more_technologies_pct,22.87
BG,Bulgaria,BG,BG,BGR,2025,False,ai_two_or_more_technologies_pct,5.97
CY,Cyprus,CY,CY,CYP,2025,False,ai_two_or_more_technologies_pct,6.73
CZ,Czechia,CZ,CZ,CZE,2025,False,ai_two_or_more_technologies_pct,12.4
DE,Germany,DE,DE,DEU,2025,False,ai_two_or_more_technologies_pct,16.19
DK,Denmark,DK,DK,DNK,2025,False,ai_two_or_more_technologies_pct,32.48
EE,Estonia,EE,EE,EST,2025,False,ai_two_or_more_technologies_pct,12.86
EL,Greece,EL,GR,GRC,2025,False,ai_two_or_more_technologies_pct,5.73
ES,Spain,ES,ES,ESP,2025,False,ai_two_or_more_technologies_pct,13.64
FI,Finland,FI,FI,FIN,2025,False,ai_two_or_more_technologies_pct,30.16
FR,France,FR,FR,FRA,2025,False,ai_two_or_more_technologies_pct,10.7
HR,Croatia,HR,HR,HRV,2025,False,ai_two_or_more_technologies_pct,10.46
HU,Hungary,HU,HU,HUN,2025,False,ai_two_or_more_technologies_pct,7.03
IE,Ireland,IE,IE,IRL,2025,False,ai_two_or_more_technologies_pct,11.48
IT,Italy,IT,IT,ITA,2025,False,ai_two_or_more_technologies_pct,10.55
LT,Lithuania,LT,LT,LTU,2025,False,ai_two_or_more_technologies_pct,14.18
LU,Luxembourg,LU,LU,LUX,2025,False,ai_two_or_more_technologies_pct,22.17
LV,Latvia,LV,LV,LVA,2025,False,ai_two_or_more_technologies_pct,9.04
MT,Malta,MT,MT,MLT,2025,False,ai_two_or_more_technologies_pct,12.84
NL,Netherlands,NL,NL,NLD,2025,False,ai_two_or_more_technologies_pct,22.48
PL,Poland,PL,PL,POL,2025,False,ai_two_or_more_technologies_pct,4.28
PT,Portugal,PT,PT,PRT,2025,False,ai_two_or_more_technologies_pct,8.04
RO,Romania,RO,RO,ROU,2025,False,ai_two_or_more_technologies_pct,4.41
SE,Sweden,SE,SE,SWE,2025,False,ai_two_or_more_technologies_pct,25.02
SI,Slovenia,SI,SI,SVN,2025,False,ai_two_or_more_technologies_pct,12.46
SK,Slovakia,SK,SK,SVK,2025,False,ai_two_or_more_technologies_pct,12.33
EU27_2020,European Union - 27 countries (from 2020),EU27_2020,,,2025,True,ai_two_or_more_technologies_pct,12.95
AT,Austria,AT,AT,AUT,2025,False,ai_without_sophisticated_cloud_or_data_pct,6.82
BE,Belgium,BE,BE,BEL,2025,False,ai_without_sophisticated_cloud_or_data_pct,2.78
BG,Bulgaria,BG,BG,BGR,2025,False,ai_without_sophisticated_cloud_or_data_pct,1.53
CY,Cyprus,CY,CY,CYP,2025,False,ai_without_sophisticated_cloud_or_data_pct,0.72
CZ,Czechia,CZ,CZ,CZE,2025,False,ai_without_sophisticated_cloud_or_data_pct,0.95
DE,Germany,DE,DE,DEU,2025,False,ai_without_sophisticated_cloud_or_data_pct,3.33
DK,Denmark,DK,DK,DNK,2025,False,ai_without_sophisticated_cloud_or_data_pct,2.44
EE,Estonia,EE,EE,EST,2025,False,ai_without_sophisticated_cloud_or_data_pct,0.79
EL,Greece,EL,GR,GRC,2025,False,ai_without_sophisticated_cloud_or_data_pct,1.23
ES,Spain,ES,ES,ESP,2025,False,ai_without_sophisticated_cloud_or_data_pct,2.6
FI,Finland,FI,FI,FIN,2025,False,ai_without_sophisticated_cloud_or_data_pct,1.51
FR,France,FR,FR,FRA,2025,False,ai_without_sophisticated_cloud_or_data_pct,2.0
HR,Croatia,HR,HR,HRV,2025,False,ai_without_sophisticated_cloud_or_data_pct,1.25
HU,Hungary,HU,HU,HUN,2025,False,ai_without_sophisticated_cloud_or_data_pct,1.02
IE,Ireland,IE,IE,IRL,2025,False,ai_without_sophisticated_cloud_or_data_pct,0.87
IT,Italy,IT,IT,ITA,2025,False,ai_without_sophisticated_cloud_or_data_pct,0.89
LT,Lithuania,LT,LT,LTU,2025,False,ai_without_sophisticated_cloud_or_data_pct,1.4
LU,Luxembourg,LU,LU,LUX,2025,False,ai_without_sophisticated_cloud_or_data_pct,6.13
LV,Latvia,LV,LV,LVA,2025,False,ai_without_sophisticated_cloud_or_data_pct,0.72
MT,Malta,MT,MT,MLT,2025,False,ai_without_sophisticated_cloud_or_data_pct,1.73
NL,Netherlands,NL,NL,NLD,2025,False,ai_without_sophisticated_cloud_or_data_pct,1.43
PL,Poland,PL,PL,POL,2025,False,ai_without_sophisticated_cloud_or_data_pct,0.51
PT,Portugal,PT,PT,PRT,2025,False,ai_without_sophisticated_cloud_or_data_pct,1.56
RO,Romania,RO,RO,ROU,2025,False,ai_without_sophisticated_cloud_or_data_pct,0.56
SE,Sweden,SE,SE,SWE,2025,False,ai_without_sophisticated_cloud_or_data_pct,2.4
SI,Slovenia,SI,SI,SVN,2025,False,ai_without_sophisticated_cloud_or_data_pct,2.56
SK,Slovakia,SK,SK,SVK,2025,False,ai_without_sophisticated_cloud_or_data_pct,2.68
EU27_2020,European Union - 27 countries (from 2020),EU27_2020,,,2025,True,ai_without_sophisticated_cloud_or_data_pct,2.04
AT,Austria,AT,AT,AUT,2025,False,cloud_and_data_analytics_pct,18.84
BE,Belgium,BE,BE,BEL,2025,False,cloud_and_data_analytics_pct,40.36
BG,Bulgaria,BG,BG,BGR,2025,False,cloud_and_data_analytics_pct,10.32
CY,Cyprus,CY,CY,CYP,2025,False,cloud_and_data_analytics_pct,28.06
CZ,Czechia,CZ,CZ,CZE,2025,False,cloud_and_data_analytics_pct,33.36
DE,Germany,DE,DE,DEU,2025,False,cloud_and_data_analytics_pct,26.83
DK,Denmark,DK,DK,DNK,2025,False,cloud_and_data_analytics_pct,48.58
EE,Estonia,EE,EE,EST,2025,False,cloud_and_data_analytics_pct,40.31
EL,Greece,EL,GR,GRC,2025,False,cloud_and_data_analytics_pct,14.58
ES,Spain,ES,ES,ESP,2025,False,cloud_and_data_analytics_pct,26.94
FI,Finland,FI,FI,FIN,2025,False,cloud_and_data_analytics_pct,40.65
FR,France,FR,FR,FRA,2025,False,cloud_and_data_analytics_pct,21.81
HR,Croatia,HR,HR,HRV,2025,False,cloud_and_data_analytics_pct,27.52
HU,Hungary,HU,HU,HUN,2025,False,cloud_and_data_analytics_pct,25.31
IE,Ireland,IE,IE,IRL,2025,False,cloud_and_data_analytics_pct,27.21
IT,Italy,IT,IT,ITA,2025,False,cloud_and_data_analytics_pct,35.98
LT,Lithuania,LT,LT,LTU,2025,False,cloud_and_data_analytics_pct,40.13
LU,Luxembourg,LU,LU,LUX,2025,False,cloud_and_data_analytics_pct,25.07
LV,Latvia,LV,LV,LVA,2025,False,cloud_and_data_analytics_pct,25.48
MT,Malta,MT,MT,MLT,2025,False,cloud_and_data_analytics_pct,35.04
NL,Netherlands,NL,NL,NLD,2025,False,cloud_and_data_analytics_pct,44.96
PL,Poland,PL,PL,POL,2025,False,cloud_and_data_analytics_pct,20.24
PT,Portugal,PT,PT,PRT,2025,False,cloud_and_data_analytics_pct,23.9
RO,Romania,RO,RO,ROU,2025,False,cloud_and_data_analytics_pct,15.55
SE,Sweden,SE,SE,SWE,2025,False,cloud_and_data_analytics_pct,33.65
SI,Slovenia,SI,SI,SVN,2025,False,cloud_and_data_analytics_pct,22.96
SK,Slovakia,SK,SK,SVK,2025,False,cloud_and_data_analytics_pct,21.14
EU27_2020,European Union - 27 countries (from 2020),EU27_2020,,,2025,True,cloud_and_data_analytics_pct,27.47
AT,Austria,AT,AT,AUT,2025,False,cloud_data_but_no_ai_pct,5.63
BE,Belgium,BE,BE,BEL,2025,False,cloud_data_but_no_ai_pct,16.07
BG,Bulgaria,BG,BG,BGR,2025,False,cloud_data_but_no_ai_pct,6.07
CY,Cyprus,CY,CY,CYP,2025,False,cloud_data_but_no_ai_pct,20.9
CZ,Czechia,CZ,CZ,CZE,2025,False,cloud_data_but_no_ai_pct,16.41
DE,Germany,DE,DE,DEU,2025,False,cloud_data_but_no_ai_pct,10.97
DK,Denmark,DK,DK,DNK,2025,False,cloud_data_but_no_ai_pct,17.78
EE,Estonia,EE,EE,EST,2025,False,cloud_data_but_no_ai_pct,21.86
EL,Greece,EL,GR,GRC,2025,False,cloud_data_but_no_ai_pct,8.49
ES,Spain,ES,ES,ESP,2025,False,cloud_data_but_no_ai_pct,14.49
FI,Finland,FI,FI,FIN,2025,False,cloud_data_but_no_ai_pct,13.34
FR,France,FR,FR,FRA,2025,False,cloud_data_but_no_ai_pct,11.53
HR,Croatia,HR,HR,HRV,2025,False,cloud_data_but_no_ai_pct,16.09
HU,Hungary,HU,HU,HUN,2025,False,cloud_data_but_no_ai_pct,17.02
IE,Ireland,IE,IE,IRL,2025,False,cloud_data_but_no_ai_pct,19.48
IT,Italy,IT,IT,ITA,2025,False,cloud_data_but_no_ai_pct,23.62
LT,Lithuania,LT,LT,LTU,2025,False,cloud_data_but_no_ai_pct,24.42
LU,Luxembourg,LU,LU,LUX,2025,False,cloud_data_but_no_ai_pct,9.44
LV,Latvia,LV,LV,LVA,2025,False,cloud_data_but_no_ai_pct,14.51
MT,Malta,MT,MT,MLT,2025,False,cloud_data_but_no_ai_pct,18.78
NL,Netherlands,NL,NL,NLD,2025,False,cloud_data_but_no_ai_pct,19.81
PL,Poland,PL,PL,POL,2025,False,cloud_data_but_no_ai_pct,12.76
PT,Portugal,PT,PT,PRT,2025,False,cloud_data_but_no_ai_pct,14.96
RO,Romania,RO,RO,ROU,2025,False,cloud_data_but_no_ai_pct,11.38
SE,Sweden,SE,SE,SWE,2025,False,cloud_data_but_no_ai_pct,11.26
SI,Slovenia,SI,SI,SVN,2025,False,cloud_data_but_no_ai_pct,10.1
SK,Slovakia,SK,SK,SVK,2025,False,cloud_data_but_no_ai_pct,10.59
EU27_2020,European Union - 27 countries (from 2020),EU27_2020,,,2025,True,cloud_data_but_no_ai_pct,14.33
AT,Austria,AT,AT,AUT,2025,False,cloud_use_pct,52.08
BE,Belgium,BE,BE,BEL,2025,False,cloud_use_pct,61.62
BG,Bulgaria,BG,BG,BGR,2025,False,cloud_use_pct,17.83
CY,Cyprus,CY,CY,CYP,2025,False,cloud_use_pct,51.38
CZ,Czechia,CZ,CZ,CZE,2025,False,cloud_use_pct,54.9
DE,Germany,DE,DE,DEU,2025,False,cloud_use_pct,53.91
DK,Denmark,DK,DK,DNK,2025,False,cloud_use_pct,68.88
EE,Estonia,EE,EE,EST,2025,False,cloud_use_pct,60.66
EL,Greece,EL,GR,GRC,2025,False,cloud_use_pct,24.33
ES,Spain,ES,ES,ESP,2025,False,cloud_use_pct,41.65
FI,Finland,FI,FI,FIN,2025,False,cloud_use_pct,79.21
FR,France,FR,FR,FRA,2025,False,cloud_use_pct,40.41
HR,Croatia,HR,HR,HRV,2025,False,cloud_use_pct,46.61
HU,Hungary,HU,HU,HUN,2025,False,cloud_use_pct,47.96
IE,Ireland,IE,IE,IRL,2025,False,cloud_use_pct,73.04
IT,Italy,IT,IT,ITA,2025,False,cloud_use_pct,75.6
LT,Lithuania,LT,LT,LTU,2025,False,cloud_use_pct,58.06
LU,Luxembourg,LU,LU,LUX,2025,False,cloud_use_pct,47.7
LV,Latvia,LV,LV,LVA,2025,False,cloud_use_pct,44.08
MT,Malta,MT,MT,MLT,2025,False,cloud_use_pct,75.07
NL,Netherlands,NL,NL,NLD,2025,False,cloud_use_pct,68.49
PL,Poland,PL,PL,POL,2025,False,cloud_use_pct,54.71
PT,Portugal,PT,PT,PRT,2025,False,cloud_use_pct,38.71
RO,Romania,RO,RO,ROU,2025,False,cloud_use_pct,24.94
SE,Sweden,SE,SE,SWE,2025,False,cloud_use_pct,72.0
SI,Slovenia,SI,SI,SVN,2025,False,cloud_use_pct,48.04
SK,Slovakia,SK,SK,SVK,2025,False,cloud_use_pct,36.44
EU27_2020,European Union - 27 countries (from 2020),EU27_2020,,,2025,True,cloud_use_pct,52.74
AT,Austria,AT,AT,AUT,2025,False,data_analytics_3_sources_pct,8.61
BE,Belgium,BE,BE,BEL,2025,False,data_analytics_3_sources_pct,25.81
BG,Bulgaria,BG,BG,BGR,2025,False,data_analytics_3_sources_pct,13.21
CY,Cyprus,CY,CY,CYP,2025,False,data_analytics_3_sources_pct,21.41
CZ,Czechia,CZ,CZ,CZE,2025,False,data_analytics_3_sources_pct,22.44
DE,Germany,DE,DE,DEU,2025,False,data_analytics_3_sources_pct,13.57
DK,Denmark,DK,DK,DNK,2025,False,data_analytics_3_sources_pct,28.56
EE,Estonia,EE,EE,EST,2025,False,data_analytics_3_sources_pct,29.01
EL,Greece,EL,GR,GRC,2025,False,data_analytics_3_sources_pct,13.0
ES,Spain,ES,ES,ESP,2025,False,data_analytics_3_sources_pct,22.98
FI,Finland,FI,FI,FIN,2025,False,data_analytics_3_sources_pct,26.7
FR,France,FR,FR,FRA,2025,False,data_analytics_3_sources_pct,10.41
HR,Croatia,HR,HR,HRV,2025,False,data_analytics_3_sources_pct,19.39
HU,Hungary,HU,HU,HUN,2025,False,data_analytics_3_sources_pct,8.99
IE,Ireland,IE,IE,IRL,2025,False,data_analytics_3_sources_pct,15.04
IT,Italy,IT,IT,ITA,2025,False,data_analytics_3_sources_pct,14.65
LT,Lithuania,LT,LT,LTU,2025,False,data_analytics_3_sources_pct,21.98
LU,Luxembourg,LU,LU,LUX,2025,False,data_analytics_3_sources_pct,15.26
LV,Latvia,LV,LV,LVA,2025,False,data_analytics_3_sources_pct,21.63
MT,Malta,MT,MT,MLT,2025,False,data_analytics_3_sources_pct,14.57
NL,Netherlands,NL,NL,NLD,2025,False,data_analytics_3_sources_pct,22.44
PL,Poland,PL,PL,POL,2025,False,data_analytics_3_sources_pct,10.64
PT,Portugal,PT,PT,PRT,2025,False,data_analytics_3_sources_pct,22.65
RO,Romania,RO,RO,ROU,2025,False,data_analytics_3_sources_pct,18.36
SE,Sweden,SE,SE,SWE,2025,False,data_analytics_3_sources_pct,22.09
SI,Slovenia,SI,SI,SVN,2025,False,data_analytics_3_sources_pct,13.46
SK,Slovakia,SK,SK,SVK,2025,False,data_analytics_3_sources_pct,23.53
EU27_2020,European Union - 27 countries (from 2020),EU27_2020,,,2025,True,data_analytics_3_sources_pct,15.86
AT,Austria,AT,AT,AUT,2025,False,data_analytics_pct,26.34
BE,Belgium,BE,BE,BEL,2025,False,data_analytics_pct,52.09
BG,Bulgaria,BG,BG,BGR,2025,False,data_analytics_pct,27.06
CY,Cyprus,CY,CY,CYP,2025,False,data_analytics_pct,42.84
CZ,Czechia,CZ,CZ,CZE,2025,False,data_analytics_pct,44.6
DE,Germany,DE,DE,DEU,2025,False,data_analytics_pct,37.67
DK,Denmark,DK,DK,DNK,2025,False,data_analytics_pct,59.99
EE,Estonia,EE,EE,EST,2025,False,data_analytics_pct,55.99
EL,Greece,EL,GR,GRC,2025,False,data_analytics_pct,31.45
ES,Spain,ES,ES,ESP,2025,False,data_analytics_pct,47.07
FI,Finland,FI,FI,FIN,2025,False,data_analytics_pct,45.14
FR,France,FR,FR,FRA,2025,False,data_analytics_pct,39.27
HR,Croatia,HR,HR,HRV,2025,False,data_analytics_pct,41.9
HU,Hungary,HU,HU,HUN,2025,False,data_analytics_pct,40.56
IE,Ireland,IE,IE,IRL,2025,False,data_analytics_pct,40.79
IT,Italy,IT,IT,ITA,2025,False,data_analytics_pct,42.71
LT,Lithuania,LT,LT,LTU,2025,False,data_analytics_pct,54.11
LU,Luxembourg,LU,LU,LUX,2025,False,data_analytics_pct,38.24
LV,Latvia,LV,LV,LVA,2025,False,data_analytics_pct,36.37
MT,Malta,MT,MT,MLT,2025,False,data_analytics_pct,38.86
NL,Netherlands,NL,NL,NLD,2025,False,data_analytics_pct,55.96
PL,Poland,PL,PL,POL,2025,False,data_analytics_pct,24.5
PT,Portugal,PT,PT,PRT,2025,False,data_analytics_pct,44.98
RO,Romania,RO,RO,ROU,2025,False,data_analytics_pct,35.07
SE,Sweden,SE,SE,SWE,2025,False,data_analytics_pct,38.64
SI,Slovenia,SI,SI,SVN,2025,False,data_analytics_pct,30.87
SK,Slovakia,SK,SK,SVK,2025,False,data_analytics_pct,38.75
EU27_2020,European Union - 27 countries (from 2020),EU27_2020,,,2025,True,data_analytics_pct,39.85
AT,Austria,AT,AT,AUT,2025,False,dii_at_least_basic_pct,73.76
BE,Belgium,BE,BE,BEL,2025,False,dii_at_least_basic_pct,84.9
BG,Bulgaria,BG,BG,BGR,2025,False,dii_at_least_basic_pct,39.35
CY,Cyprus,CY,CY,CYP,2025,False,dii_at_least_basic_pct,74.85
CZ,Czechia,CZ,CZ,CZE,2025,False,dii_at_least_basic_pct,71.51
DE,Germany,DE,DE,DEU,2025,False,dii_at_least_basic_pct,74.35
DK,Denmark,DK,DK,DNK,2025,False,dii_at_least_basic_pct,92.68
EE,Estonia,EE,EE,EST,2025,False,dii_at_least_basic_pct,72.77
EL,Greece,EL,GR,GRC,2025,False,dii_at_least_basic_pct,56.48
ES,Spain,ES,ES,ESP,2025,False,dii_at_least_basic_pct,75.96
FI,Finland,FI,FI,FIN,2025,False,dii_at_least_basic_pct,94.24
FR,France,FR,FR,FRA,2025,False,dii_at_least_basic_pct,70.23
HR,Croatia,HR,HR,HRV,2025,False,dii_at_least_basic_pct,58.13
HU,Hungary,HU,HU,HUN,2025,False,dii_at_least_basic_pct,60.8
IE,Ireland,IE,IE,IRL,2025,False,dii_at_least_basic_pct,79.92
IT,Italy,IT,IT,ITA,2025,False,dii_at_least_basic_pct,79.81
LT,Lithuania,LT,LT,LTU,2025,False,dii_at_least_basic_pct,74.34
LU,Luxembourg,LU,LU,LUX,2025,False,dii_at_least_basic_pct,77.32
LV,Latvia,LV,LV,LVA,2025,False,dii_at_least_basic_pct,59.52
MT,Malta,MT,MT,MLT,2025,False,dii_at_least_basic_pct,83.93
NL,Netherlands,NL,NL,NLD,2025,False,dii_at_least_basic_pct,89.1
PL,Poland,PL,PL,POL,2025,False,dii_at_least_basic_pct,60.23
PT,Portugal,PT,PT,PRT,2025,False,dii_at_least_basic_pct,64.67
RO,Romania,RO,RO,ROU,2025,False,dii_at_least_basic_pct,45.53
SE,Sweden,SE,SE,SWE,2025,False,dii_at_least_basic_pct,86.93
SI,Slovenia,SI,SI,SVN,2025,False,dii_at_least_basic_pct,66.58
SK,Slovakia,SK,SK,SVK,2025,False,dii_at_least_basic_pct,58.39
EU27_2020,European Union - 27 countries (from 2020),EU27_2020,,,2025,True,dii_at_least_basic_pct,72.11
AT,Austria,AT,AT,AUT,2025,False,dii_high_pct,26.97
BE,Belgium,BE,BE,BEL,2025,False,dii_high_pct,36.65
BG,Bulgaria,BG,BG,BGR,2025,False,dii_high_pct,11.4
CY,Cyprus,CY,CY,CYP,2025,False,dii_high_pct,30.14
CZ,Czechia,CZ,CZ,CZE,2025,False,dii_high_pct,28.86
DE,Germany,DE,DE,DEU,2025,False,dii_high_pct,27.94
DK,Denmark,DK,DK,DNK,2025,False,dii_high_pct,38.88
EE,Estonia,EE,EE,EST,2025,False,dii_high_pct,28.75
EL,Greece,EL,GR,GRC,2025,False,dii_high_pct,19.28
ES,Spain,ES,ES,ESP,2025,False,dii_high_pct,30.23
FI,Finland,FI,FI,FIN,2025,False,dii_high_pct,42.4
FR,France,FR,FR,FRA,2025,False,dii_high_pct,26.31
HR,Croatia,HR,HR,HRV,2025,False,dii_high_pct,21.98
HU,Hungary,HU,HU,HUN,2025,False,dii_high_pct,21.85
IE,Ireland,IE,IE,IRL,2025,False,dii_high_pct,29.85
IT,Italy,IT,IT,ITA,2025,False,dii_high_pct,30.22
LT,Lithuania,LT,LT,LTU,2025,False,dii_high_pct,29.37
LU,Luxembourg,LU,LU,LUX,2025,False,dii_high_pct,30.04
LV,Latvia,LV,LV,LVA,2025,False,dii_high_pct,20.61
MT,Malta,MT,MT,MLT,2025,False,dii_high_pct,36.82
NL,Netherlands,NL,NL,NLD,2025,False,dii_high_pct,41.71
PL,Poland,PL,PL,POL,2025,False,dii_high_pct,22.1
PT,Portugal,PT,PT,PRT,2025,False,dii_high_pct,21.84
RO,Romania,RO,RO,ROU,2025,False,dii_high_pct,14.45
SE,Sweden,SE,SE,SWE,2025,False,dii_high_pct,35.14
SI,Slovenia,SI,SI,SVN,2025,False,dii_high_pct,23.39
SK,Slovakia,SK,SK,SVK,2025,False,dii_high_pct,20.43
EU27_2020,European Union - 27 countries (from 2020),EU27_2020,,,2025,True,dii_high_pct,27.54
AT,Austria,AT,AT,AUT,2025,False,dii_low_pct,36.7
BE,Belgium,BE,BE,BEL,2025,False,dii_low_pct,28.22
BG,Bulgaria,BG,BG,BGR,2025,False,dii_low_pct,25.91
CY,Cyprus,CY,CY,CYP,2025,False,dii_low_pct,37.21
CZ,Czechia,CZ,CZ,CZE,2025,False,dii_low_pct,30.58
DE,Germany,DE,DE,DEU,2025,False,dii_low_pct,35.96
DK,Denmark,DK,DK,DNK,2025,False,dii_low_pct,26.65
EE,Estonia,EE,EE,EST,2025,False,dii_low_pct,35.53
EL,Greece,EL,GR,GRC,2025,False,dii_low_pct,30.95
ES,Spain,ES,ES,ESP,2025,False,dii_low_pct,33.63
FI,Finland,FI,FI,FIN,2025,False,dii_low_pct,26.46
FR,France,FR,FR,FRA,2025,False,dii_low_pct,35.76
HR,Croatia,HR,HR,HRV,2025,False,dii_low_pct,28.76
HU,Hungary,HU,HU,HUN,2025,False,dii_low_pct,32.77
IE,Ireland,IE,IE,IRL,2025,False,dii_low_pct,38.25
IT,Italy,IT,IT,ITA,2025,False,dii_low_pct,41.66
LT,Lithuania,LT,LT,LTU,2025,False,dii_low_pct,30.99
LU,Luxembourg,LU,LU,LUX,2025,False,dii_low_pct,37.8
LV,Latvia,LV,LV,LVA,2025,False,dii_low_pct,31.1
MT,Malta,MT,MT,MLT,2025,False,dii_low_pct,30.11
NL,Netherlands,NL,NL,NLD,2025,False,dii_low_pct,25.81
PL,Poland,PL,PL,POL,2025,False,dii_low_pct,31.84
PT,Portugal,PT,PT,PRT,2025,False,dii_low_pct,35.14
RO,Romania,RO,RO,ROU,2025,False,dii_low_pct,28.38
SE,Sweden,SE,SE,SWE,2025,False,dii_low_pct,34.6
SI,Slovenia,SI,SI,SVN,2025,False,dii_low_pct,34.92
SK,Slovakia,SK,SK,SVK,2025,False,dii_low_pct,31.98
EU27_2020,European Union - 27 countries (from 2020),EU27_2020,,,2025,True,dii_low_pct,34.52
AT,Austria,AT,AT,AUT,2025,False,dii_very_high_pct,10.09
BE,Belgium,BE,BE,BEL,2025,False,dii_very_high_pct,20.03
BG,Bulgaria,BG,BG,BGR,2025,False,dii_very_high_pct,2.04
CY,Cyprus,CY,CY,CYP,2025,False,dii_very_high_pct,7.5
CZ,Czechia,CZ,CZ,CZE,2025,False,dii_very_high_pct,12.07
DE,Germany,DE,DE,DEU,2025,False,dii_very_high_pct,10.45
DK,Denmark,DK,DK,DNK,2025,False,dii_very_high_pct,27.15
EE,Estonia,EE,EE,EST,2025,False,dii_very_high_pct,8.49
EL,Greece,EL,GR,GRC,2025,False,dii_very_high_pct,6.25
ES,Spain,ES,ES,ESP,2025,False,dii_very_high_pct,12.1
FI,Finland,FI,FI,FIN,2025,False,dii_very_high_pct,25.38
FR,France,FR,FR,FRA,2025,False,dii_very_high_pct,8.16
HR,Croatia,HR,HR,HRV,2025,False,dii_very_high_pct,7.39
HU,Hungary,HU,HU,HUN,2025,False,dii_very_high_pct,6.18
IE,Ireland,IE,IE,IRL,2025,False,dii_very_high_pct,11.82
IT,Italy,IT,IT,ITA,2025,False,dii_very_high_pct,7.93
LT,Lithuania,LT,LT,LTU,2025,False,dii_very_high_pct,13.98
LU,Luxembourg,LU,LU,LUX,2025,False,dii_very_high_pct,9.48
LV,Latvia,LV,LV,LVA,2025,False,dii_very_high_pct,7.81
MT,Malta,MT,MT,MLT,2025,False,dii_very_high_pct,17.0
NL,Netherlands,NL,NL,NLD,2025,False,dii_very_high_pct,21.58
PL,Poland,PL,PL,POL,2025,False,dii_very_high_pct,6.3
PT,Portugal,PT,PT,PRT,2025,False,dii_very_high_pct,7.69
RO,Romania,RO,RO,ROU,2025,False,dii_very_high_pct,2.7
SE,Sweden,SE,SE,SWE,2025,False,dii_very_high_pct,17.19
SI,Slovenia,SI,SI,SVN,2025,False,dii_very_high_pct,8.27
SK,Slovakia,SK,SK,SVK,2025,False,dii_very_high_pct,5.98
EU27_2020,European Union - 27 countries (from 2020),EU27_2020,,,2025,True,dii_very_high_pct,10.05
AT,Austria,AT,AT,AUT,2025,False,dii_very_low_pct,26.24
BE,Belgium,BE,BE,BEL,2025,False,dii_very_low_pct,15.1
BG,Bulgaria,BG,BG,BGR,2025,False,dii_very_low_pct,60.65
CY,Cyprus,CY,CY,CYP,2025,False,dii_very_low_pct,25.15
CZ,Czechia,CZ,CZ,CZE,2025,False,dii_very_low_pct,28.49
DE,Germany,DE,DE,DEU,2025,False,dii_very_low_pct,25.65
DK,Denmark,DK,DK,DNK,2025,False,dii_very_low_pct,7.32
EE,Estonia,EE,EE,EST,2025,False,dii_very_low_pct,27.23
EL,Greece,EL,GR,GRC,2025,False,dii_very_low_pct,43.52
ES,Spain,ES,ES,ESP,2025,False,dii_very_low_pct,24.04
FI,Finland,FI,FI,FIN,2025,False,dii_very_low_pct,5.76
FR,France,FR,FR,FRA,2025,False,dii_very_low_pct,29.77
HR,Croatia,HR,HR,HRV,2025,False,dii_very_low_pct,41.87
HU,Hungary,HU,HU,HUN,2025,False,dii_very_low_pct,39.2
IE,Ireland,IE,IE,IRL,2025,False,dii_very_low_pct,20.08
IT,Italy,IT,IT,ITA,2025,False,dii_very_low_pct,20.19
LT,Lithuania,LT,LT,LTU,2025,False,dii_very_low_pct,25.66
LU,Luxembourg,LU,LU,LUX,2025,False,dii_very_low_pct,22.68
LV,Latvia,LV,LV,LVA,2025,False,dii_very_low_pct,40.48
MT,Malta,MT,MT,MLT,2025,False,dii_very_low_pct,16.07
NL,Netherlands,NL,NL,NLD,2025,False,dii_very_low_pct,10.9
PL,Poland,PL,PL,POL,2025,False,dii_very_low_pct,39.77
PT,Portugal,PT,PT,PRT,2025,False,dii_very_low_pct,35.33
RO,Romania,RO,RO,ROU,2025,False,dii_very_low_pct,54.47
SE,Sweden,SE,SE,SWE,2025,False,dii_very_low_pct,13.07
SI,Slovenia,SI,SI,SVN,2025,False,dii_very_low_pct,33.42
SK,Slovakia,SK,SK,SVK,2025,False,dii_very_low_pct,41.61
EU27_2020,European Union - 27 countries (from 2020),EU27_2020,,,2025,True,dii_very_low_pct,27.89
AT,Austria,AT,AT,AUT,2025,False,sophisticated_or_intermediate_cloud_pct,41.7
BE,Belgium,BE,BE,BEL,2025,False,sophisticated_or_intermediate_cloud_pct,58.51
BG,Bulgaria,BG,BG,BGR,2025,False,sophisticated_or_intermediate_cloud_pct,15.74
CY,Cyprus,CY,CY,CYP,2025,False,sophisticated_or_intermediate_cloud_pct,48.45
CZ,Czechia,CZ,CZ,CZE,2025,False,sophisticated_or_intermediate_cloud_pct,42.93
DE,Germany,DE,DE,DEU,2025,False,sophisticated_or_intermediate_cloud_pct,46.03
DK,Denmark,DK,DK,DNK,2025,False,sophisticated_or_intermediate_cloud_pct,67.57
EE,Estonia,EE,EE,EST,2025,False,sophisticated_or_intermediate_cloud_pct,56.23
EL,Greece,EL,GR,GRC,2025,False,sophisticated_or_intermediate_cloud_pct,21.25
ES,Spain,ES,ES,ESP,2025,False,sophisticated_or_intermediate_cloud_pct,37.92
FI,Finland,FI,FI,FIN,2025,False,sophisticated_or_intermediate_cloud_pct,73.12
FR,France,FR,FR,FRA,2025,False,sophisticated_or_intermediate_cloud_pct,36.46
HR,Croatia,HR,HR,HRV,2025,False,sophisticated_or_intermediate_cloud_pct,43.3
HU,Hungary,HU,HU,HUN,2025,False,sophisticated_or_intermediate_cloud_pct,40.82
IE,Ireland,IE,IE,IRL,2025,False,sophisticated_or_intermediate_cloud_pct,63.03
IT,Italy,IT,IT,ITA,2025,False,sophisticated_or_intermediate_cloud_pct,68.05
LT,Lithuania,LT,LT,LTU,2025,False,sophisticated_or_intermediate_cloud_pct,54.9
LU,Luxembourg,LU,LU,LUX,2025,False,sophisticated_or_intermediate_cloud_pct,43.71
LV,Latvia,LV,LV,LVA,2025,False,sophisticated_or_intermediate_cloud_pct,37.8
MT,Malta,MT,MT,MLT,2025,False,sophisticated_or_intermediate_cloud_pct,65.06
NL,Netherlands,NL,NL,NLD,2025,False,sophisticated_or_intermediate_cloud_pct,65.81
PL,Poland,PL,PL,POL,2025,False,sophisticated_or_intermediate_cloud_pct,45.77
PT,Portugal,PT,PT,PRT,2025,False,sophisticated_or_intermediate_cloud_pct,34.11
RO,Romania,RO,RO,ROU,2025,False,sophisticated_or_intermediate_cloud_pct,22.13
SE,Sweden,SE,SE,SWE,2025,False,sophisticated_or_intermediate_cloud_pct,67.59
SI,Slovenia,SI,SI,SVN,2025,False,sophisticated_or_intermediate_cloud_pct,42.95
SK,Slovakia,SK,SK,SVK,2025,False,sophisticated_or_intermediate_cloud_pct,32.92
EU27_2020,European Union - 27 countries (from 2020),EU27_2020,,,2025,True,sophisticated_or_intermediate_cloud_pct,46.69
